NUM_CONDITIONS,NUM_CATEGORIES,NUM_OBSERVATIONS
483.0,483.0,483.0
1.5403726708074534,1.0766045548654244,18.302277432712216
0.49888409275777923,0.9980953141668298,16.967620340836106
1.0,0.0,0.0
1.0,0.0,0.0
2.0,2.0,34.0
2.0,2.0,34.0
2.0,2.0,34.0
